date,close
2015/1/2,1172.00 
2015/1/5,1200.00 
2015/1/6,1210.25 
2015/1/7,1210.50 
2015/1/8,1215.50 
2015/1/9,1217.75 
2015/1/12,1226.50 
2015/1/13,1231.50 
2015/1/14,1235.00 
2015/1/15,1259.00 
2015/1/16,1277.50 
2015/1/19,1273.75 
2015/1/20,1288.75 
2015/1/21,1293.50 
2015/1/22,1295.75 
2015/1/23,1294.75 
2015/1/26,1281.25 
2015/1/27,1288.50 
2015/1/28,1288.00 
2015/1/29,1268.75 
2015/1/30,1260.25 
2015/2/2,1272.50 
2015/2/3,1264.25 
2015/2/4,1268.50 
2015/2/5,1259.25 
2015/2/6,1241.00 
2015/2/9,1238.50 
2015/2/10,1234.50 
2015/2/11,1223.75 
2015/2/12,1222.50 
2015/2/13,1232.50 
2015/2/16,1229.25 
2015/2/17,1209.50 
2015/2/18,1206.00 
2015/2/19,1209.50 
2015/2/20,1208.25 
2015/2/23,1204.50 
2015/2/24,1192.50 
2015/2/25,1204.75 
2015/2/26,1208.25 
2015/2/27,1214.00 
2015/3/2,1212.50 
2015/3/3,1212.75 
2015/3/4,1199.50 
2015/3/5,1202.00 
2015/3/6,1175.75 
2015/3/9,1168.50 
2015/3/10,1162.00 
2015/3/11,1150.00 
2015/3/12,1152.25 
2015/3/13,1152.00 
2015/3/16,1150.75 
2015/3/17,1150.75 
2015/3/18,1147.25 
2015/3/19,1166.00 
2015/3/20,1183.10 
2015/3/23,1186.25 
2015/3/24,1191.50 
2015/3/25,1195.60 
2015/3/26,1203.15 
2015/3/27,1195.75 
2015/3/30,1185.50 
2015/3/31,1187.00 
2015/4/1,1197.00 
2015/4/2,1198.50 
2015/4/7,1211.00 
2015/4/8,1207.25 
2015/4/9,1194.80 
2015/4/10,1207.35 
2015/4/13,1198.90 
2015/4/14,1194.75 
2015/4/15,1192.90 
2015/4/16,1204.35 
2015/4/17,1203.35 
2015/4/20,1196.50 
2015/4/21,1195.30 
2015/4/22,1189.25 
2015/4/23,1185.75 
2015/4/24,1183.00 
2015/4/27,1200.00 
2015/4/28,1209.00 
2015/4/29,1209.00 
2015/4/30,1180.25 
2015/5/1,1175.95 
2015/5/5,1197.00 
2015/5/6,1194.25 
2015/5/7,1187.00 
2015/5/8,1186.00 
2015/5/11,1189.25 
2015/5/12,1191.50 
2015/5/13,1210.50 
2015/5/14,1225.00 
2015/5/15,1220.50 
2015/5/18,1223.50 
2015/5/19,1214.30 
2015/5/20,1210.50 
2015/5/21,1205.00 
2015/5/22,1204.10 
2015/5/26,1185.40 
2015/5/27,1185.85 
2015/5/28,1185.00 
2015/5/29,1191.40 
2015/6/1,1199.90 
2015/6/2,1192.80 
2015/6/3,1190.00 
2015/6/4,1176.00 
2015/6/5,1164.60 
2015/6/8,1172.80 
2015/6/9,1177.40 
2015/6/10,1188.50 
2015/6/11,1178.50 
2015/6/12,1182.80 
2015/6/15,1181.40 
2015/6/16,1177.75 
2015/6/17,1178.00 
2015/6/18,1201.85 
2015/6/19,1203.40 
2015/6/22,1185.50 
2015/6/23,1178.00 
2015/6/24,1173.75 
2015/6/25,1172.65 
2015/6/26,1170.50 
2015/6/29,1176.00 
2015/6/30,1171.00 
2015/7/1,1168.00 
2015/7/2,1165.25 
2015/7/3,1167.95 
2015/7/6,1166.00 
2015/7/7,1156.25 
2015/7/8,1158.50 
2015/7/9,1164.25 
2015/7/10,1159.30 
2015/7/13,1154.00 
2015/7/14,1157.40 
2015/7/15,1147.40 
2015/7/16,1144.40 
2015/7/17,1132.80 
2015/7/20,1104.60 
2015/7/21,1105.60 
2015/7/22,1088.60 
2015/7/23,1097.40 
2015/7/24,1080.80 
2015/7/27,1100.00 
2015/7/28,1096.20 
2015/7/29,1090.25 
2015/7/30,1087.50 
2015/7/31,1098.40 
2015/8/3,1091.90 
2015/8/4,1090.65 
2015/8/5,1085.10 
2015/8/6,1089.75 
2015/8/7,1093.50 
2015/8/10,1097.00 
2015/8/11,1108.25 
2015/8/12,1119.00 
2015/8/13,1116.75 
2015/8/14,1118.25 
2015/8/17,1118.80 
2015/8/18,1111.45 
2015/8/19,1126.15 
2015/8/20,1147.70 
2015/8/21,1156.50 
2015/8/24,1166.50 
2015/8/25,1137.50 
2015/8/26,1120.75 
2015/8/27,1119.00 
2015/8/28,1135.00 
2015/9/1,1142.30 
2015/9/2,1137.75 
2015/9/3,1128.00 
2015/9/4,1118.25 
2015/9/7,1119.50 
2015/9/8,1121.15 
2015/9/9,1109.85 
2015/9/10,1109.50 
2015/9/11,1100.25 
2015/9/14,1104.80 
2015/9/15,1105.95 
2015/9/16,1117.60 
2015/9/17,1117.50 
2015/9/18,1141.50 
2015/9/21,1133.25 
2015/9/22,1122.90 
2015/9/23,1131.35 
2015/9/24,1154.50 
2015/9/25,1146.65 
2015/9/28,1131.05 
2015/9/29,1132.10 
2015/9/30,1114.00 
2015/10/1,1119.00 
2015/10/2,1140.75 
2015/10/5,1139.75 
2015/10/6,1147.50 
2015/10/7,1144.60 
2015/10/8,1140.00 
2015/10/9,1151.55 
2015/10/12,1164.90 
2015/10/13,1165.20 
2015/10/14,1173.90 
2015/10/15,1184.25 
2015/10/16,1180.85 
2015/10/19,1175.40 
2015/10/20,1177.75 
2015/10/21,1167.10 
2015/10/22,1167.00 
2015/10/23,1161.25 
2015/10/26,1166.40 
2015/10/27,1165.70 
2015/10/28,1179.60 
2015/10/29,1148.60 
2015/10/30,1142.35 
2015/11/2,1134.00 
2015/11/3,1123.10 
2015/11/4,1114.70 
2015/11/5,1106.30 
2015/11/6,1088.90 
2015/11/9,1089.60 
2015/11/10,1087.10 
2015/11/11,1085.90 
2015/11/12,1087.40 
2015/11/13,1081.50 
2015/11/16,1084.75 
2015/11/17,1079.20 
2015/11/18,1067.75 
2015/11/19,1082.60 
2015/11/20,1081.75 
2015/11/23,1070.50 
2015/11/24,1076.40 
2015/11/25,1068.00 
2015/11/26,1071.00 
2015/11/27,1057.40 
2015/11/30,1061.90 
2015/12/1,1065.40 
2015/12/2,1055.40 
2015/12/3,1055.45 
2015/12/4,1079.25 
2015/12/7,1075.80 
2015/12/8,1072.10 
2015/12/9,1081.00 
2015/12/10,1071.00 
2015/12/11,1072.50 
2015/12/14,1068.25 
2015/12/15,1061.50 
2015/12/16,1075.25 
2015/12/17,1049.40 
2015/12/18,1062.50 
2015/12/21,1078.75 
2015/12/22,1074.90 
2015/12/23,1068.25 
2015/12/24,1071.90 
2015/12/29,1070.10 
2015/12/30,1060.00 
2015/12/31,1062.25 
2016/1/4,1082.25 
2016/1/5,1077.00 
2016/1/6,1091.40 
2016/1/7,1106.35 
2016/1/8,1101.85 
2016/1/11,1100.75 
2016/1/12,1085.40 
2016/1/13,1088.15 
2016/1/14,1088.40 
2016/1/15,1093.75 
2016/1/18,1089.20 
2016/1/19,1086.25 
2016/1/20,1101.75 
2016/1/21,1096.50 
2016/1/22,1096.25 
2016/1/25,1106.60 
2016/1/26,1113.60 
2016/1/27,1116.25 
2016/1/28,1114.00 
2016/1/29,1111.80 
2016/2/1,1126.50 
2016/2/2,1128.50 
2016/2/3,1132.00 
2016/2/4,1156.35 
2016/2/5,1150.35 
2016/2/8,1193.25 
2016/2/9,1191.00 
2016/2/10,1190.00 
2016/2/11,1241.00 
2016/2/12,1239.75 
2016/2/15,1208.20 
2016/2/16,1209.50 
2016/2/17,1210.00 
2016/2/18,1210.10 
2016/2/19,1231.15 
2016/2/22,1211.00 
2016/2/23,1221.35 
2016/2/24,1250.75 
2016/2/25,1236.00 
2016/2/26,1226.50 
2016/2/29,1234.90 
2016/3/1,1236.50 
2016/3/2,1239.20 
2016/3/3,1250.25 
2016/3/4,1277.50 
2016/3/7,1267.90 
2016/3/8,1267.00 
2016/3/9,1246.40 
2016/3/10,1266.50 
2016/3/11,1264.75 
2016/3/14,1242.75 
2016/3/15,1232.00 
2016/3/16,1228.50 
2016/3/17,1266.50 
2016/3/18,1252.10 
2016/3/21,1244.90 
2016/3/22,1252.50 
2016/3/23,1217.60 
2016/3/24,1221.00 
2016/3/29,1226.00 
2016/3/30,1236.25 
2016/3/31,1237.00 
2016/4/1,1213.60 
2016/4/4,1219.75 
2016/4/5,1231.25 
2016/4/6,1221.40 
2016/4/7,1242.10 
2016/4/8,1239.50 
2016/4/11,1254.75 
2016/4/12,1254.60 
2016/4/13,1245.75 
2016/4/14,1233.85 
2016/4/15,1227.10 
2016/4/18,1234.30 
2016/4/19,1255.40 
2016/4/20,1252.00 
2016/4/21,1249.25 
2016/4/22,1243.25 
2016/4/25,1238.90 
2016/4/26,1241.70 
2016/4/27,1247.40 
2016/4/28,1256.00 
2016/4/29,1285.65 
2016/5/3,1294.00 
2016/5/4,1283.00 
2016/5/5,1280.25 
2016/5/6,1289.00 
2016/5/9,1265.25 
2016/5/10,1262.80 
2016/5/11,1276.85 
2016/5/12,1279.25 
2016/5/13,1265.90 
2016/5/16,1285.75 
2016/5/17,1277.00 
2016/5/18,1272.90 
2016/5/19,1246.25 
2016/5/20,1254.20 
2016/5/23,1245.90 
2016/5/24,1236.85 
2016/5/25,1220.60 
2016/5/26,1223.85 
2016/5/27,1216.25 
2016/5/31,1212.10 
2016/6/1,1214.50 
2016/6/2,1212.40 
2016/6/3,1240.50 
2016/6/6,1244.00 
2016/6/7,1241.00 
2016/6/8,1263.00 
2016/6/9,1263.90 
2016/6/10,1275.50 
2016/6/13,1280.80 
2016/6/14,1287.15 
2016/6/15,1283.30 
2016/6/16,1310.75 
2016/6/17,1290.70 
2016/6/20,1281.80 
2016/6/21,1272.60 
2016/6/22,1264.85 
2016/6/23,1262.15 
2016/6/24,1315.50 
2016/6/27,1324.55 
2016/6/28,1309.70 
2016/6/29,1321.50 
2016/6/30,1320.75 
2016/7/1,1340.00 
2016/7/4,1350.75 
2016/7/5,1350.75 
2016/7/6,1366.25 
2016/7/7,1356.70 
2016/7/8,1354.25 
2016/7/11,1357.10 
2016/7/12,1342.40 
2016/7/13,1342.75 
2016/7/14,1323.60 
2016/7/15,1327.00 
2016/7/18,1334.70 
2016/7/19,1330.90 
2016/7/20,1315.90 
2016/7/21,1321.15 
2016/7/22,1320.75 
2016/7/25,1313.15 
2016/7/26,1323.00 
2016/7/27,1329.00 
2016/7/28,1341.75 
2016/7/29,1342.00 
2016/8/1,1349.65 
2016/8/2,1363.75 
2016/8/3,1358.90 
2016/8/4,1362.75 
2016/8/5,1340.40 
2016/8/8,1336.80 
2016/8/9,1341.00 
2016/8/10,1347.70 
2016/8/11,1355.00 
2016/8/12,1352.20 
2016/8/15,1339.40 
2016/8/16,1344.00 
2016/8/17,1343.35 
2016/8/18,1350.05 
2016/8/19,1346.40 
2016/8/22,1335.90 
2016/8/23,1342.00 
2016/8/24,1327.25 
2016/8/25,1321.30 
2016/8/26,1318.75 
2016/8/30,1318.15 
2016/8/31,1309.25 
2016/9/1,1309.50 
2016/9/2,1324.70 
2016/9/5,1326.35 
2016/9/6,1337.25 
2016/9/7,1348.35 
2016/9/8,1343.40 
2016/9/9,1330.85 
2016/9/12,1324.60 
2016/9/13,1323.65 
2016/9/14,1321.75 
2016/9/15,1310.80 
2016/9/16,1308.35 
2016/9/19,1314.85 
2016/9/20,1313.80 
2016/9/21,1326.10 
2016/9/22,1339.10 
2016/9/23,1338.65 
2016/9/26,1340.50 
2016/9/27,1327.00 
2016/9/28,1322.50 
2016/9/29,1318.10 
2016/9/30,1322.50 
2016/10/3,1313.30 
2016/10/4,1283.30 
2016/10/5,1269.40 
2016/10/6,1254.50 
2016/10/7,1258.75 
2016/10/10,1259.50 
2016/10/11,1253.45 
2016/10/12,1256.50 
2016/10/13,1261.05 
2016/10/14,1251.75 
2016/10/17,1254.80 
2016/10/18,1258.20 
2016/10/19,1269.05 
2016/10/20,1271.65 
2016/10/21,1266.05 
2016/10/24,1265.55 
2016/10/25,1269.40 
2016/10/26,1270.50 
2016/10/27,1266.25 
2016/10/28,1273.00 
2016/10/31,1272.00 
2016/11/1,1288.45 
2016/11/2,1303.75 
2016/11/3,1301.00 
2016/11/4,1302.80 
2016/11/7,1283.05 
2016/11/8,1282.35 
2016/11/9,1281.40 
2016/11/10,1267.50 
2016/11/11,1236.45 
2016/11/14,1213.60 
2016/11/15,1226.95 
2016/11/16,1229.20 
2016/11/17,1226.75 
2016/11/18,1211.00 
2016/11/21,1214.25 
2016/11/22,1212.25 
2016/11/23,1185.35 
2016/11/24,1186.10 
2016/11/25,1187.70 
2016/11/28,1187.00 
2016/11/29,1186.55 
2016/11/30,1178.10 
2016/12/1,1161.85 
2016/12/2,1173.50 
2016/12/5,1162.20 
2016/12/6,1172.50 
2016/12/7,1177.65 
2016/12/8,1171.05 
2016/12/9,1163.60 
2016/12/12,1156.10 
2016/12/13,1158.55 
2016/12/14,1162.25 
2016/12/15,1126.95 
2016/12/16,1131.60 
2016/12/19,1136.25 
2016/12/20,1125.70 
2016/12/21,1133.65 
2016/12/22,1131.35 
2016/12/23,1131.00 
2016/12/28,1134.60 
2016/12/29,1145.90 
2016/12/30,1159.10 
2017/1/3,1151.00 
2017/1/4,1164.25 
2017/1/5,1176.70 
2017/1/6,1175.85 
2017/1/9,1178.50 
2017/1/10,1189.50 
2017/1/11,1178.55 
2017/1/12,1205.05 
2017/1/13,1190.35 
2017/1/16,1203.00 
2017/1/17,1216.05 
2017/1/18,1214.75 
2017/1/19,1196.05 
2017/1/20,1200.55 
2017/1/23,1212.85 
2017/1/24,1216.80 
2017/1/25,1195.00 
2017/1/26,1189.70 
2017/1/27,1184.85 
2017/1/30,1192.80 
2017/1/31,1212.80 
2017/2/1,1203.65 
2017/2/2,1221.95 
2017/2/3,1215.20 
2017/2/6,1226.75 
2017/2/7,1231.00 
2017/2/8,1242.10 
2017/2/9,1236.80 
2017/2/10,1228.30 
2017/2/13,1222.25 
2017/2/14,1230.75 
2017/2/15,1224.40 
2017/2/16,1240.55 
2017/2/17,1241.95 
2017/2/20,1237.30 
2017/2/21,1233.20 
2017/2/22,1236.65 
2017/2/23,1247.90 
2017/2/24,1253.65 
2017/2/27,1257.20 
2017/2/28,1255.60 
2017/3/1,1240.40 
2017/3/2,1238.10 
2017/3/3,1226.50 
2017/3/6,1230.95 
2017/3/7,1216.65 
2017/3/8,1209.20 
2017/3/9,1206.55 
2017/3/10,1202.65 
2017/3/13,1204.20 
2017/3/14,1204.60 
2017/3/15,1198.80 
2017/3/16,1229.35 
2017/3/17,1229.60 
2017/3/20,1232.40 
2017/3/21,1241.60 
2017/3/22,1249.05 
2017/3/23,1247.50 
2017/3/24,1247.50 
2017/3/27,1257.55 
2017/3/28,1257.25 
2017/3/29,1251.10 
2017/3/30,1248.80 
2017/3/31,1244.85 
2017/4/3,1247.25 
2017/4/4,1257.65 
2017/4/5,1245.80 
2017/4/6,1252.50 
2017/4/7,1266.45 
2017/4/10,1250.05 
2017/4/11,1252.90 
2017/4/12,1274.30 
2017/4/13,1284.15 
2017/4/18,1278.95 
2017/4/19,1279.05 
2017/4/20,1282.10 
2017/4/21,1281.85 
2017/4/24,1269.40 
2017/4/25,1267.80 
2017/4/26,1261.85 
2017/4/27,1262.80 
2017/4/28,1266.45 
2017/5/2,1255.45 
2017/5/3,1250.30 
2017/5/4,1228.45 
2017/5/5,1228.05 
2017/5/8,1229.80 
2017/5/9,1220.40 
2017/5/10,1222.95 
2017/5/11,1223.15 
2017/5/12,1231.25 
2017/5/15,1233.30 
2017/5/16,1234.20 
2017/5/17,1257.40 
2017/5/18,1255.90 
2017/5/19,1252.00 
2017/5/22,1258.85 
2017/5/23,1260.20 
2017/5/24,1252.55 
2017/5/25,1256.95 
2017/5/26,1265.05 
2017/5/30,1262.70 
2017/5/31,1266.20 
2017/6/1,1264.85 
2017/6/2,1274.95 
2017/6/5,1279.95 
2017/6/6,1293.50 
2017/6/7,1291.00 
2017/6/8,1273.10 
2017/6/9,1266.55 
2017/6/12,1266.40 
2017/6/13,1262.00 
2017/6/14,1275.50 
2017/6/15,1254.55 
2017/6/16,1255.40 
2017/6/19,1248.15 
2017/6/20,1242.20 
2017/6/21,1242.50 
2017/6/22,1250.80 
2017/6/23,1255.70 
2017/6/26,1245.25 
2017/6/27,1249.55 
2017/6/28,1248.00 
2017/6/29,1243.50 
2017/6/30,1242.25 
2017/7/3,1229.25 
2017/7/4,1223.75 
2017/7/5,1220.30 
2017/7/6,1224.90 
2017/7/7,1215.65 
2017/7/10,1211.90 
2017/7/11,1211.05 
2017/7/12,1218.80 
2017/7/13,1218.90 
2017/7/14,1230.30 
2017/7/17,1234.10 
2017/7/18,1240.75 
2017/7/19,1242.15 
2017/7/20,1238.70 
2017/7/21,1248.55 
2017/7/24,1255.55 
2017/7/25,1254.40 
2017/7/26,1248.10 
2017/7/27,1261.10 
2017/7/28,1264.90 
2017/7/31,1267.55 
2017/8/1,1270.95 
2017/8/2,1269.60 
2017/8/3,1268.10 
2017/8/4,1257.70 
2017/8/7,1258.00 
2017/8/8,1261.80 
2017/8/9,1271.05 
2017/8/10,1284.40 
2017/8/11,1286.10 
2017/8/14,1282.30 
2017/8/15,1270.30 
2017/8/16,1272.75 
2017/8/17,1285.15 
2017/8/18,1295.80 
2017/8/21,1292.90 
2017/8/22,1284.20 
2017/8/23,1286.65 
2017/8/24,1289.00 
2017/8/25,1285.30 
2017/8/29,1318.65 
2017/8/30,1308.50 
2017/8/31,1311.75 
2017/9/1,1320.40 
2017/9/4,1333.10 
2017/9/5,1335.55 
2017/9/6,1337.85 
2017/9/7,1343.50 
2017/9/8,1346.25 
2017/9/11,1334.20 
2017/9/12,1326.50 
2017/9/13,1327.55 
2017/9/14,1324.55 
2017/9/15,1322.85 
2017/9/18,1312.10 
2017/9/19,1309.60 
2017/9/20,1311.30 
2017/9/21,1292.10 
2017/9/22,1294.80 
2017/9/25,1293.30 
2017/9/26,1300.05 
2017/9/27,1282.55 
2017/9/28,1283.35 
2017/9/29,1283.10 
2017/10/2,1273.70 
2017/10/3,1271.25 
2017/10/4,1274.25 
2017/10/5,1274.50 
2017/10/6,1261.80 
2017/10/9,1278.75 
2017/10/10,1291.40 
2017/10/11,1289.25 
2017/10/12,1290.25 
2017/10/13,1299.60 
2017/10/16,1303.30 
2017/10/17,1284.75 
2017/10/18,1280.20 
2017/10/19,1286.40 
2017/10/20,1281.20 
2017/10/23,1274.90 
2017/10/24,1276.45 
2017/10/25,1275.00 
2017/10/26,1273.75 
2017/10/27,1266.45 
2017/10/30,1272.00 
2017/10/31,1270.15 
2017/11/1,1277.05 
2017/11/2,1279.20 
2017/11/3,1267.20 
2017/11/6,1270.90 
2017/11/7,1275.60 
2017/11/8,1284.00 
2017/11/9,1284.80 
2017/11/10,1284.30 
2017/11/13,1277.95 
2017/11/14,1274.60 
2017/11/15,1282.20 
2017/11/16,1280.00 
2017/11/17,1284.35 
2017/11/20,1286.20 
2017/11/21,1283.30 
2017/11/22,1286.95 
2017/11/23,1290.35 
2017/11/24,1290.50 
2017/11/27,1294.90 
2017/11/28,1291.85 
2017/11/29,1283.85 
2017/11/30,1280.20 
2017/12/1,1275.50 
2017/12/4,1273.45 
2017/12/5,1266.30 
2017/12/6,1263.70 
2017/12/7,1255.00 
2017/12/8,1250.65 
2017/12/11,1247.15 
2017/12/12,1240.90 
2017/12/13,1242.65 
2017/12/14,1251.00 
2017/12/15,1254.60 
2017/12/18,1260.60 
2017/12/19,1260.35 
2017/12/20,1264.55 
2017/12/21,1264.55 
2017/12/22,1268.05 
2017/12/27,1279.40 
2017/12/28,1291.00 
2017/12/29,1296.50 
2018/1/2,1312.05 
2018/1/3,1314.90 
2018/1/4,1314.50 
2018/1/5,1317.15 
2018/1/8,1319.95 
2018/1/9,1311.00 
2018/1/10,1319.75 
2018/1/11,1323.05 
2018/1/12,1326.80 
2018/1/15,1339.25 
2018/1/16,1333.85 
2018/1/17,1335.65 
2018/1/18,1332.20 
2018/1/19,1334.95 
2018/1/22,1332.60 
2018/1/23,1333.40 
2018/1/24,1353.70 
2018/1/25,1354.95 
2018/1/26,1353.15 
2018/1/29,1343.85 
2018/1/30,1344.90 
2018/1/31,1345.05 
2018/2/1,1341.35 
2018/2/2,1331.15 
2018/2/5,1333.60 
2018/2/6,1331.40 
2018/2/7,1324.65 
2018/2/8,1315.45 
2018/2/9,1314.10 
2018/2/12,1322.30 
2018/2/13,1325.35 
2018/2/14,1336.25 
2018/2/15,1352.45 
2018/2/16,1352.10 
2018/2/19,1346.60 
2018/2/20,1339.85 
2018/2/21,1330.50 
2018/2/22,1328.35 
2018/2/23,1327.95 
2018/2/26,1333.50 
2018/2/27,1325.75 
2018/2/28,1317.85 
2018/3/1,1307.75 
2018/3/2,1322.30 
2018/3/5,1320.40 
2018/3/6,1331.40 
2018/3/7,1329.40 
2018/3/8,1321.00 
2018/3/9,1320.60 
2018/3/12,1319.15 
2018/3/13,1322.75 
2018/3/14,1323.55 
2018/3/15,1318.75 
2018/3/16,1310.10 
2018/3/19,1312.40 
2018/3/20,1311.00 
2018/3/21,1321.35 
2018/3/22,1329.15 
2018/3/23,1346.60 
2018/3/26,1352.40 
2018/3/27,1341.45 
2018/3/28,1332.45 
2018/3/29,1323.85 
2018/4/3,1333.45 
2018/4/4,1337.30 
2018/4/5,1327.70 
2018/4/6,1331.20 
2018/4/9,1331.95 
2018/4/10,1338.95 
2018/4/11,1350.75 
2018/4/12,1341.35 
2018/4/13,1343.70 
2018/4/16,1349.35 
2018/4/17,1342.10 
2018/4/18,1351.45 
2018/4/19,1348.60 
2018/4/20,1336.75 
2018/4/23,1324.30 
2018/4/24,1328.85 
2018/4/25,1321.65 
2018/4/26,1320.70 
2018/4/27,1321.50 
2018/4/30,1313.20 
2018/5/1,1307.10 
2018/5/2,1304.20 
2018/5/3,1315.05 
2018/5/4,1309.40 
2018/5/8,1306.60 
2018/5/9,1313.85 
2018/5/10,1318.80 
2018/5/11,1324.35 
2018/5/14,1319.85 
2018/5/15,1295.00 
2018/5/16,1291.25 
2018/5/17,1289.50 
2018/5/18,1288.30 
2018/5/21,1288.35 
2018/5/22,1293.05 
2018/5/23,1289.00 
2018/5/24,1304.85 
2018/5/25,1303.50 
2018/5/29,1295.50 
2018/5/30,1300.70 
2018/5/31,1305.35 
2018/6/1,1294.60 
2018/6/4,1295.45 
2018/6/5,1292.05 
2018/6/6,1300.10 
2018/6/7,1297.25 
2018/6/8,1298.25 
2018/6/11,1299.60 
2018/6/12,1298.65 
2018/6/13,1296.15 
2018/6/14,1302.75 
2018/6/15,1285.25 
2018/6/18,1281.55 
2018/6/19,1276.15 
2018/6/20,1274.20 
2018/6/21,1266.15 
2018/6/22,1269.15 
2018/6/25,1268.70 
2018/6/26,1260.30 
2018/6/27,1254.60 
2018/6/28,1251.55 
2018/6/29,1250.45 
2018/7/2,1247.80 
2018/7/3,1251.75 
2018/7/4,1255.65 
2018/7/5,1255.50 
2018/7/6,1255.35 
2018/7/9,1262.05 
2018/7/10,1254.00 
2018/7/11,1251.40 
2018/7/12,1245.90 
2018/7/13,1241.70 
2018/7/16,1241.10 
2018/7/17,1232.80 
2018/7/18,1224.50 
2018/7/19,1217.55 
2018/7/20,1228.75 
2018/7/23,1224.95 
2018/7/24,1228.35 
2018/7/25,1231.50 
2018/7/26,1228.25 
2018/7/27,1223.95 
2018/7/30,1223.80 
2018/7/31,1220.95 
2018/8/1,1219.00 
2018/8/2,1215.45 
2018/8/3,1216.30 
2018/8/6,1209.65 
2018/8/7,1212.35 
2018/8/8,1209.55 
2018/8/9,1214.35 
2018/8/10,1214.40 
2018/8/13,1200.35 
2018/8/14,1197.00 
2018/8/15,1182.00 
2018/8/16,1180.40 
2018/8/17,1178.40 
2018/8/20,1184.35 
2018/8/21,1190.95 
2018/8/22,1196.65 
2018/8/23,1192.35 
2018/8/24,1197.70 
2018/8/28,1212.25 
2018/8/29,1204.20 
2018/8/30,1197.30 
2018/8/31,1202.45 
2018/9/3,1200.05 
2018/9/4,1190.85 
2018/9/5,1196.70 
2018/9/6,1205.15 
2018/9/7,1198.90 
2018/9/10,1196.60 
2018/9/11,1189.85 
2018/9/12,1195.60 
2018/9/13,1209.80 
2018/9/14,1201.95 
2018/9/17,1201.90 
2018/9/18,1200.20 
2018/9/19,1203.30 
2018/9/20,1208.35 
2018/9/21,1198.70 
2018/9/24,1202.75 
2018/9/25,1201.90 
2018/9/26,1194.25 
2018/9/27,1185.40 
2018/9/28,1187.25 
2018/10/1,1189.35 
2018/10/2,1204.70 
2018/10/3,1201.20 
2018/10/4,1203.45 
2018/10/5,1203.80 
2018/10/8,1186.95 
2018/10/9,1185.55 
2018/10/10,1188.60 
2018/10/11,1205.55 
2018/10/12,1219.75 
2018/10/15,1229.95 
2018/10/16,1230.70 
2018/10/17,1229.05 
2018/10/18,1223.00 
2018/10/19,1227.85 
2018/10/22,1222.30 
2018/10/23,1235.95 
2018/10/24,1230.55 
2018/10/25,1230.80 
2018/10/26,1233.85 
2018/10/29,1230.80 
2018/10/30,1225.40 
2018/10/31,1214.95 
2018/11/1,1231.15 
2018/11/2,1232.10 
2018/11/5,1232.25 
2018/11/6,1231.60 
2018/11/7,1229.95 
2018/11/8,1224.15 
2018/11/9,1211.40 
2018/11/12,1205.55 
2018/11/13,1202.10 
2018/11/14,1203.25 
2018/11/15,1211.85 
2018/11/16,1222.40 
2018/11/19,1221.60 
2018/11/20,1223.00 
2018/11/21,1226.10 
2018/11/22,1227.05 
2018/11/23,1223.65 
2018/11/26,1223.40 
2018/11/27,1221.20 
2018/11/28,1213.25 
2018/11/29,1226.25 
2018/11/30,1217.55 
2018/12/3,1230.30 
2018/12/4,1240.30 
2018/12/5,1235.90 
2018/12/6,1242.55 
2018/12/7,1243.30 
2018/12/10,1245.35 
2018/12/11,1245.30 
2018/12/12,1245.75 
2018/12/13,1242.75 
2018/12/14,1235.35 
2018/12/17,1241.65 
2018/12/18,1246.30 
2018/12/19,1255.00 
2018/12/20,1259.75 
2018/12/21,1258.15 
2018/12/24,1261.25 
2018/12/27,1268.00 
2018/12/28,1279.00 
2018/12/31,1281.65 
2019/1/2,1282.90 
2019/1/3,1290.45 
2019/1/4,1279.90 
2019/1/7,1292.20 
2019/1/8,1286.45 
2019/1/9,1288.60 
2019/1/10,1291.90 
2019/1/11,1288.95 
2019/1/14,1292.75 
2019/1/15,1294.40 
2019/1/16,1292.30 
2019/1/17,1290.70 
2019/1/18,1284.20 
2019/1/21,1279.55 
2019/1/22,1282.10 
2019/1/23,1279.80 
2019/1/24,1283.70 
2019/1/25,1293.90 
2019/1/28,1302.15 
2019/1/29,1307.55 
2019/1/30,1310.70 
2019/1/31,1323.25 
2019/2/1,1318.70 
2019/2/4,1312.15 
2019/2/5,1314.20 
2019/2/6,1312.40 
2019/2/7,1310.00 
2019/2/8,1314.85 
2019/2/11,1306.40 
2019/2/12,1310.00 
2019/2/13,1312.80 
2019/2/14,1311.45 
2019/2/15,1316.55 
2019/2/18,1325.50 
2019/2/19,1334.15 
2019/2/20,1343.75 
2019/2/21,1331.25 
2019/2/22,1329.05 
2019/2/25,1331.05 
2019/2/26,1325.05 
2019/2/27,1322.85 
2019/2/28,1319.15 
2019/3/1,1311.95 
2019/3/4,1285.40 
2019/3/5,1283.80 
2019/3/6,1285.85 
2019/3/7,1285.30 
2019/3/8,1296.75 
2019/3/11,1292.75 
2019/3/12,1297.05 
2019/3/13,1306.95 
2019/3/14,1295.55 
2019/3/15,1303.50 
2019/3/18,1305.60 
2019/3/19,1307.70 
2019/3/20,1303.70 
2019/3/21,1309.60 
2019/3/22,1311.30 
2019/3/25,1319.55 
2019/3/26,1316.30 
2019/3/27,1309.70 
2019/3/28,1295.15 
2019/3/29,1295.40 
2019/4/1,1293.50 
2019/4/2,1290.30 
2019/4/3,1290.45 
2019/4/4,1283.15 
2019/4/5,1288.45 
2019/4/8,1300.00 
2019/4/9,1303.00 
2019/4/10,1305.45 
2019/4/11,1298.80 
2019/4/12,1294.30 
2019/4/15,1285.65 
2019/4/16,1276.35 
2019/4/17,1275.85 
2019/4/18,1275.70 
2019/4/23,1269.50 
2019/4/24,1271.65 
2019/4/25,1280.80 
2019/4/26,1284.20 
2019/4/29,1279.50 
2019/4/30,1282.30 
2019/5/1,1283.80 
2019/5/2,1270.95 
2019/5/3,1278.55 
2019/5/7,1281.20 
2019/5/8,1285.20 
2019/5/9,1286.10 
2019/5/10,1287.10 
2019/5/13,1295.60 
2019/5/14,1298.40 
2019/5/15,1299.10 
2019/5/16,1291.70 
2019/5/17,1280.80 
2019/5/20,1276.85 
2019/5/21,1271.15 
2019/5/22,1273.80 
2019/5/23,1283.65 
2019/5/24,1282.50 
2019/5/28,1278.30 
2019/5/29,1281.65 
2019/5/30,1280.95 
2019/5/31,1295.55 
2019/6/3,1317.10 
2019/6/4,1324.25 
2019/6/5,1335.05 
2019/6/6,1335.50 
2019/6/7,1340.65 
2019/6/10,1328.60 
2019/6/11,1324.30 
2019/6/12,1332.35 
2019/6/13,1335.90 
2019/6/14,1351.25 
2019/6/17,1341.30 
2019/6/18,1341.35 
2019/6/19,1344.05 
2019/6/20,1379.50 
2019/6/21,1397.15 
2019/6/24,1405.70 
2019/6/25,1431.40 
2019/6/26,1403.95 
2019/6/27,1402.50 
2019/6/28,1409.00 
2019/7/1,1390.10 
2019/7/2,1391.05 
2019/7/3,1413.50 
2019/7/4,1414.90 
2019/7/5,1388.65 
2019/7/8,1400.10 
2019/7/9,1391.55 
2019/7/10,1408.30 
2019/7/11,1413.75 
2019/7/12,1407.60 
2019/7/15,1412.40 
2019/7/16,1409.85 
2019/7/17,1410.35 
2019/7/18,1417.45 
2019/7/19,1439.70 
2019/7/22,1427.75 
2019/7/23,1425.55 
2019/7/24,1426.95 
2019/7/25,1416.10 
2019/7/26,1420.40 
2019/7/29,1419.05 
2019/7/30,1425.90 
2019/7/31,1427.55 
2019/8/1,1406.80 
2019/8/2,1441.75 
2019/8/5,1465.25 
2019/8/6,1465.25 
2019/8/7,1506.05 
2019/8/8,1495.75 
2019/8/9,1497.70 
2019/8/12,1504.70 
2019/8/13,1498.40 
2019/8/14,1513.25 
2019/8/15,1515.65 
2019/8/16,1515.25 
2019/8/19,1496.60 
2019/8/20,1504.55 
2019/8/21,1503.25 
2019/8/22,1502.05 
2019/8/23,1503.80 
2019/8/27,1532.95 
2019/8/28,1537.15 
2019/8/29,1540.20 
2019/8/30,1528.40 
2019/9/2,1525.95 
2019/9/3,1537.85 
2019/9/4,1546.10 
2019/9/5,1529.10 
2019/9/6,1523.70 
2019/9/9,1509.20 
2019/9/10,1498.25 
2019/9/11,1490.65 
2019/9/12,1515.20 
2019/9/13,1503.10 
2019/9/16,1497.20 
2019/9/17,1502.10 
2019/9/18,1503.50 
2019/9/19,1500.70 
2019/9/20,1501.90 
2019/9/23,1522.10 
2019/9/24,1520.65 
2019/9/25,1528.75 
2019/9/26,1506.40 
2019/9/27,1489.90 
2019/9/30,1485.30 
2019/10/1,1473.45 
2019/10/2,1492.60 
2019/10/3,1517.10 
2019/10/4,1499.15 
2019/10/7,1501.25 
2019/10/8,1505.85 
2019/10/9,1507.25 
2019/10/10,1494.80 
2019/10/11,1479.15 
2019/10/14,1490.60 
2019/10/15,1487.80 
2019/10/16,1485.10 
2019/10/17,1492.65 
2019/10/18,1490.00 
2019/10/21,1491.65 
2019/10/22,1485.35 
2019/10/23,1494.45 
2019/10/24,1496.55 
2019/10/25,1513.45 
2019/10/28,1492.40 
2019/10/29,1486.75 
2019/10/30,1492.10 
2019/10/31,1510.95 
2019/11/1,1508.80 
2019/11/4,1509.45 
2019/11/5,1488.95 
2019/11/6,1486.05 
2019/11/7,1484.25 
2019/11/8,1464.15 
2019/11/11,1458.70 
2019/11/12,1452.05 
2019/11/13,1462.90 
2019/11/14,1466.65 
2019/11/15,1466.90 
2019/11/18,1467.65 
2019/11/19,1468.45 
2019/11/20,1471.70 
2019/11/21,1467.05 
2019/11/22,1464.45 
2019/11/25,1458.40 
2019/11/26,1454.65 
2019/11/27,1454.35 
2019/11/28,1454.65 
2019/11/29,1460.15 
2019/12/2,1461.15 
2019/12/3,1477.30 
2019/12/4,1475.10 
2019/12/5,1475.95 
2019/12/6,1459.65 
2019/12/9,1461.70 
2019/12/10,1464.95 
2019/12/11,1466.80 
2019/12/12,1467.80 
2019/12/13,1466.60 
2019/12/16,1477.90 
2019/12/17,1475.80 
2019/12/18,1474.05 
2019/12/19,1476.70 
2019/12/20,1479.00 
2019/12/23,1482.10 
2019/12/24,1490.85 
2019/12/27,1511.50 
2019/12/30,1514.75 
2019/12/31,1523.00 
2020/1/2,1527.10 
2020/1/3,1548.75 
2020/1/6,1573.10 
2020/1/7,1567.85 
2020/1/8,1571.95 
2020/1/9,1550.75 
2020/1/10,1553.60 
2020/1/13,1549.90 
2020/1/14,1545.10 
2020/1/15,1549.00 
2020/1/16,1554.55 
2020/1/17,1557.60 
2020/1/20,1560.15 
2020/1/21,1551.30 
2020/1/22,1556.90 
2020/1/23,1562.90 
2020/1/24,1564.30 
2020/1/27,1580.10 
2020/1/28,1574.00 
2020/1/29,1573.45 
2020/1/30,1578.25 
2020/1/31,1584.20 
2020/2/3,1574.75 
2020/2/4,1558.35 
2020/2/5,1553.30 
2020/2/6,1563.30 
2020/2/7,1572.65 
2020/2/10,1573.20 
2020/2/11,1570.50 
2020/2/12,1563.70 
2020/2/13,1575.05 
2020/2/14,1581.40 
2020/2/17,1580.80 
2020/2/18,1589.85 
2020/2/19,1604.20 
2020/2/20,1619.00 
2020/2/21,1643.30 
2020/2/24,1671.65 
2020/2/25,1650.30 
2020/2/26,1634.90 
2020/2/27,1652.00 
2020/2/28,1609.85 
2020/3/2,1599.65 
2020/3/3,1615.50 
2020/3/4,1641.85 
2020/3/5,1659.60 
2020/3/6,1683.65 
2020/3/9,1672.50 
2020/3/10,1655.70 
2020/3/11,1653.75 
2020/3/12,1570.70 
2020/3/13,1562.80 
2020/3/16,1487.70 
2020/3/17,1536.20 
2020/3/18,1498.20 
2020/3/19,1474.25 
2020/3/20,1494.40 
2020/3/23,1525.40 
2020/3/24,1605.75 
2020/3/25,1605.45 
2020/3/26,1634.80 
2020/3/27,1617.30 
2020/3/30,1618.30 
2020/3/31,1608.95 
2020/4/1,1576.55 
2020/4/2,1616.80 
2020/4/3,1613.10 
2020/4/6,1648.30 
2020/4/7,1649.25 
2020/4/8,1647.80 
2020/4/9,1680.65 
2020/4/14,1741.90 
2020/4/15,1718.65 
2020/4/16,1729.50 
2020/4/17,1692.55 
2020/4/20,1686.20 
2020/4/21,1682.05 
2020/4/22,1710.55 
2020/4/23,1736.25 
2020/4/24,1715.90 
2020/4/27,1714.95 
2020/4/28,1691.55 
2020/4/29,1703.35 
2020/4/30,1702.75 
2020/5/1,1686.25 
2020/5/4,1709.10 
2020/5/5,1699.55 
2020/5/6,1691.50 
2020/5/7,1704.05 
2020/5/11,1702.75 
2020/5/12,1702.40 
2020/5/13,1708.40 
2020/5/14,1731.60 
2020/5/15,1735.35 
2020/5/18,1734.70 
2020/5/19,1737.95 
2020/5/20,1748.30 
2020/5/21,1724.90 
2020/5/22,1733.55 
2020/5/26,1720.25 
2020/5/27,1694.60 
2020/5/28,1717.35 
2020/5/29,1728.70 
2020/6/1,1730.60 
2020/6/2,1742.15 
2020/6/3,1705.35 
2020/6/4,1700.05 
2020/6/5,1683.45 
2020/6/8,1690.35 
2020/6/9,1713.50 
2020/6/10,1722.05 
2020/6/11,1738.25 
2020/6/12,1733.50 
2020/6/15,1710.45 
2020/6/16,1719.85 
2020/6/17,1724.35 
2020/6/18,1719.50 
2020/6/19,1734.75 
2020/6/22,1761.85 
2020/6/23,1768.90 
2020/6/24,1766.05 
2020/6/25,1756.55 
2020/6/26,1747.60 
2020/6/29,1771.60 
2020/6/30,1768.10 
2020/7/1,1771.05 
2020/7/2,1777.45 
2020/7/3,1772.90 
2020/7/6,1787.90 
2020/7/7,1789.55 
2020/7/8,1811.10 
2020/7/9,1812.10 
2020/7/10,1803.10 
2020/7/13,1807.50 
2020/7/14,1801.90 
2020/7/15,1804.60 
2020/7/16,1807.70 
2020/7/17,1807.35 
2020/7/20,1815.65 
2020/7/21,1842.55 
2020/7/22,1852.40 
2020/7/23,1878.30 
2020/7/24,1902.10 
2020/7/27,1936.65 
2020/7/28,1940.90 
2020/7/29,1950.90 
2020/7/30,1957.65 
2020/7/31,1964.90 
2020/8/3,1958.55 
2020/8/4,1977.90 
2020/8/5,2048.15 
2020/8/6,2067.15 
2020/8/7,2031.15 
